b;x1;x2;Y
1;0.377713268089463;0.513324229394621;0.416717124402157
1;-0.0679022199899742;0.203290125763643;0.41780423971857
1;0.389563482155342;0.537167951904315;0.406334652645431
1;-0.0593374675261355;1.03262719600654;0.410561712841068
1;0.320780720563234;0.184110466201601;0.421738062965033
1;-0.00237240895548325;0.294064867384043;0.415523606404488
1;-0.100020695414809;0.507737123957274;0.411301521350538
1;0.00549640595530227;0.694025397469405;0.429280364898086
1;0.435691845299448;0.566599777296502;0.411241228829988
1;-0.276793539826507;0.766705617675137;0.414183165806093
1;-0.265122370622453;0.786068507171855;0.411023633715451
1;0.487790329839405;0.608192309855633;0.428401262435133
1;0.150676685651776;0.634221455261833;0.396786852396317
1;-0.505152370208845;1.31275168081488;0.396412378963883
1;0.376668885718885;0.419960979101968;0.409780984429629
1;0.240927772292395;0.80835747706011;0.39138102409198
1;-0.388472853052731;-0.332906708884669;0.433395611457422
1;-0.193410594680929;0.351026342652134;0.410666424565465
1;0.315194488881438;0.767270191387232;0.434458765747454
1;0.107113944720265;0.383814057367812;0.408515944840163
1;0.21114588423905;0.827492851070382;0.429628409529976
1;-0.174787638030489;1.21146970830735;0.408224678367116
1;-0.0162155691459666;0.527858887518848;0.405924779744991
1;0.117745911355889;0.746178081814416;0.412515832273983
1;0.0908751554211903;0.714951823964342;0.405868913954121
1;-0.153638977293794;0.450548969195957;0.427098926897242
1;0.0572373226107398;0.73943531892242;0.402922756731766
1;-0.0655142084359733;0.0121746391239237;0.422478409885398
1;0.153138997673006;0.71314120079199;0.432307565584749
1;-0.489403123156177;0.885142412004645;0.402983760484227
1;-0.16587686786616;0.559436378127589;0.415568357971261
1;0.070946878859294;1.14761421607157;0.409192512261646
1;0.0671794908622275;0.450946848424649;0.401165612254391
1;-0.160026185122092;0.251260283796487;0.422715971001593
1;0.269987816628967;0.375690859121727;0.408762168201508
1;-0.0912865852047078;0.958830061553715;0.416437381177684
1;0.147341347375364;0.185637812881518;0.41235215225661
1;-0.0240239867578697;0.56838676404627;0.421060776332124
1;0.24287693881951;0.273417560308474;0.416777751638565
1;0.144617236179227;0.924089226804373;0.39976738840959
1;-0.194293375859269;0.861314716908758;0.41579242020836
1;-0.150210528899717;0.670024130412252;0.410374779851171
1;-0.374829852294049;0.907342236623161;0.427807461012859
1;0.188540856150292;0.439951927924864;0.414047493810702
1;0.139323581281436;0.735562390066232;0.415173635528398
1;0.0237192864433616;1.03743984512356;0.412149542681356
1;-0.445360354164608;0.395977031689604;0.426527431100725
1;-0.277198103339015;0.613284582605814;0.412262592300198
1;-0.0668619455541867;0.392118735646072;0.411381882517368
1;-0.269163271095667;0.670523807023479;0.403964352703016
1;-0.12278792880317;1.01977016531698;0.404497166332612
1;0.409799497213651;0.144547888425466;0.408557328729433
1;0.0991942532165419;0.546979945461328;0.407873179347987
1;-0.399518348258467;0.463342469031591;0.419509904054179
1;-0.366922543785958;0.368085284301981;0.398292407063599
1;0.260034471869217;0.558028578401906;0.401780611946301
1;0.195707747783288;0.233149876104522;0.430039528290265
1;-0.119274105135181;1.01620448686949;0.401896067461388
1;0.0235061598588304;0.371085627649059;0.408921931512233
1;0.149744838786961;0.293591723045175;0.413573221477019
1;-0.724324492188381;0.697267203433461;0.418222410053611
1;0.145924173033113;0.273614040393823;0.433699211687622
1;0.594020842090686;0.309518015902059;0.419915700458588
1;-0.161565515181828;0.748195071904893;0.397008534357874
1;0.0607672446754542;0.566234498678256;0.431049517908123
1;-0.197373302401747;0.509833863137824;0.413784576595535
1;-0.27342485799701;0.82924610159157;0.408772097416713
1;0.511151841237601;0.405555716798331;0.428121058241329
1;-0.420333417575123;0.450605005739537;0.401701741948237
1;0.303820782822376;0.28115915650879;0.426106150620157
1;-0.0239308791977216;0.557565483849624;0.428752173609214
1;-0.237848616415999;0.132124728885123;0.431871902022381
1;0.150316372908511;0.486070205183206;0.427713924655168
1;-0.753631809478122;0.718986079528404;0.402403876564756
1;0.192371150824632;0.360933735539416;0.420940139435224
1;0.392235499661508;1.35759721626006;0.388699961674392
1;-0.125679193945669;0.305780531957088;0.415739581836505
1;-0.154472055092849;0.122501540341677;0.421088375665648
1;-0.337857995027239;0.0425786602837269;0.426614516655547
1;0.192271977038784;0.744272819972816;0.414342734351611
1;0.0823672793519402;0.349956246782275;0.418128457029647
1;-0.0110364142399018;0.51027675588045;0.413011970960178
1;-0.159309320244128;-0.0700600196662395;0.426887500144807
1;-0.0173206845862466;0.471464192286008;0.400921420285387
1;0.0742128194912387;0.936319064278518;0.42413711298676
1;-0.475143397748158;0.536356283368098;0.393488912155724
1;-0.411841408835138;0.446287252216219;0.423725436786512
1;-0.444601357118114;0.209088978402096;0.394437069050842
1;0.00873585124966457;0.547597960523296;0.395649809297403
1;-0.1236366100323;0.585650438437856;0.419212741089298
1;0.151886231695302;0.952336130144812;0.410630456096723
1;-0.091091211775539;0.790418289182659;0.414669946141818
1;0.0419835857488533;0.877442027334156;0.417980668719716
1;0.14165566668249;0.352597376567698;0.399310780441871
1;-0.0389201433654092;0.646816671024197;0.436195967092879
1;-0.20949602175989;0.00965577429563524;0.420336447088412
1;0.136753617423826;0.259302221409406;0.422120383532582
1;-0.272009664271577;0.749367933985484;0.407647860085588
1;0.36295178951335;0.605526550199163;0.410198579836314
1;0.346743884142843;0.386838027451707;0.413576629041229
1;0.0650220041377173;0.0349441516345832;0.387000363370188
1;0.360906485621575;0.336611463374174;0.416123839764032
1;-0.297810320521954;0.529856011008103;0.430528338038562
1;-0.0745973390780662;0.383319593269051;0.409126438532818
1;-0.286102360334135;0.0418754068896666;0.430989687068718
1;-0.430383829556613;0.0967741517913115;0.421116530894898
1;-0.092421381851056;0.68026911851699;0.420523096398136
1;0.455518877756651;0.834554486188932;0.402569800946107
1;0.119397450930629;0.787963372424986;0.409107116453275
1;0.0351371313441362;0.376783411073723;0.407276351243579
1;-0.431506113356923;0.187333043241802;0.413115904962755
1;0.0691329141624745;0.613989140025252;0.414441656175657
1;-0.340689919407143;0.205893532662354;0.424180133874682
1;0.208855951729318;0.484386131438084;0.417173459511195
1;0.556405807693602;0.558322403151862;0.416872520331046
1;0.0430667404560796;1.3017018101285;0.409943440458828
1;-0.375148196014841;-0.0386084126467304;0.402584460909723
1;-0.336654339455348;0.727348990146095;0.406477832980927
1;-0.600270571938939;0.238168835901258;0.405144654018465
1;0.198380101518443;0.513213119143142;0.409956968680387
1;0.110972832720449;0.306445348149754;0.414629987643405
1;0.125956523993265;0.371552842078757;0.405821387264053
1;0.357021163456539;0.55269825729432;0.404926882532568
1;-0.458021734795383;0.699827950866351;0.401833301284668
1;0.335695700571419;0.747795641701993;0.431086831198604
1;0.609736084256298;0.768364660780179;0.420857899561073
1;0.169234028090462;1.00484205011255;0.406582797891697
1;-0.492245156475001;0.768778015870853;0.414282192487145
1;0.0200953555657371;0.14404653726368;0.420330895537493
1;-0.1761923077001;0.178462278983413;0.401322546953768
1;0.149313079951032;0.851646075458847;0.40676184830277
1;0.198944908383102;0.676873398894973;0.424573669864903
1;-0.257709018029813;0.569449570967794;0.386344309964659
1;-0.10488170742004;0.672552044146959;0.41098279804624
1;0.0400227834524322;0.661129681905711;0.404835827202109
1;-0.14112008252613;0.625110411904532;0.402455303141492
1;0.0568766356609853;0.489170863329956;0.401563112756068
1;0.0642697209633576;0.651176772742931;0.414094552504048
1;-0.0844252000278889;0.329684359805433;0.420793926147267
1;0.0761431157595136;0.505505564833583;0.429345834766237
1;0.181109271723847;0.158742575253387;0.418609422349766
1;-0.171293326099087;0.637861079625163;0.404093326504222
1;0.165371475884812;0.644562924012205;0.421707056205381
1;0.431354904989024;0.360309083893199;0.419516956458747
1;0.0803364256906147;0.798725232995827;0.42426691560928
1;0.14407897284362;0.393744622459055;0.39490542579287
1;-0.352498044129772;0.703935476188608;0.417626920897921
1;-0.248875516531157;0.79317184760532;0.417652549235954
1;0.39007473658578;0.262832737243375;0.408730215483761
1;0.0508984992269322;0.53116826956748;0.424000595269287
1;-0.0969086989322362;0.643892869630936;0.400951012461398
1;0.229903708252226;0.305519635147799;0.41104603332105
1;-0.0949347315616756;1.08429878168619;0.395439145071469
1;0.18606131274311;0.234827870990889;0.426599098994551
1;-0.295795524546566;0.0303455011040149;0.411305852999374
1;0.0691047661642652;0.553992952483482;0.414213342410967
1;-0.0890544301662718;-0.0110193598132675;0.427858149390923
1;0.24693096599562;0.409906627570949;0.402675389984745
1;-0.0668084121787676;0.217596005627274;0.413049156991984
1;0.12000682245218;0.138459648122571;0.427757025231891
1;0.19185568534029;0.83685109312861;0.395149048520326
1;0.234860521660934;0.279610419536161;0.441474213038171
1;-0.263303147728554;0.608398127452579;0.444405637912122
1;0.253404443580448;0.607280318086699;0.422816746842422
1;-0.313543308862081;0.626066970561263;0.416944906657028
1;-0.0951459081307815;0.241635444868996;0.410270664777684
1;0.0522722073826603;0.368950651893112;0.396810231079488
1;-0.0311890442841369;0.480091173808274;0.416653478772826
1;0.546594482778656;0.747345934626129;0.404462706759119
1;0.0205058095290057;0.561695293819032;0.39430905030639
1;0.5280255116352;0.457339590660592;0.420639283137682
1;0.258585675738605;0.386010052260073;0.420368345738793
1;-0.0495433016968221;0.60218534230276;0.409469533918458
1;-0.259807394630036;-0.239191669351245;0.421777038240727
1;-0.0334160250888506;0.467055395277616;0.412876797072769
1;-0.145509047800418;0.254059668910947;0.422771350780474
1;-0.225752806505042;0.638902990960877;0.407107351725613
1;-0.200457936933493;0.553384472309504;0.413917100344528
1;0.330205168298609;-0.0364986593526261;0.405812623008515
1;0.25979491238582;0.298751515380308;0.421059753320612
1;0.13952775900945;1.04504784294353;0.411912491000464
1;-0.3321717864515;0.427877867652405;0.420977224320309
1;-0.481139197228222;0.506415354724214;0.402010336424161
1;0.00567385182985489;0.222427661261197;0.405155525018838
1;-0.145372103158513;0.726919674406036;0.405971982126276
1;-0.0560379066660481;0.581970400840726;0.402424537135041
1;0.299608547333143;0.34097239222796;0.404123558685556
1;-0.339644678083079;0.936427486436836;0.423027144398912
1;-0.00501784722279411;0.435019398948396;0.396105266760013
1;0.222533358760217;-0.21609638487239;0.408306941973493
1;-0.00696472576774899;0.588769281166234;0.406374376131654
1;-0.21983466393492;0.165424110559497;0.421051252109311
1;0.191330510567428;0.14136068096748;0.408265373445317
1;-0.244397137305565;0.741103677286017;0.401565618144041
1;0.1325762367786;0.579627513881562;0.425725947545423
1;0.233726494015094;0.29023811439538;0.412158899647858
1;0.0865470708846283;1.05593311040222;0.409373782790736
1;-0.183395211282937;1.150611774661;0.415733298050885
1;0.177610801490598;0.561137088553371;0.423741376211061
1;-0.0806770110532583;0.74718267688139;0.402312318239425
1;-0.0901596347426205;0.331446831828249;0.411718915773639
1;0.0387883237914383;0.523064048777733;0.414118017243737
1;-0.347726536252018;0.767949607180361;0.415978647516995
1;0.343298502922959;0.265807173368216;0.419903097918979
1;-0.216287421305069;0.561642014250678;0.417266028717937
1;-0.325627212053702;0.902021944781832;0.410528437322702
1;0.223355190118111;0.41867995397384;0.416173856568385
1;-0.220094165322092;0.433916269372886;0.427331298501213
1;-0.104154861544924;1.03570390118949;0.414349185721285
1;-0.0101572898351512;1.00520430356528;0.403052203145492
1;0.0358974136742122;0.204747533832995;0.42729184838109
1;0.0243778459751396;0.67161000876967;0.415034741966994
1;0.0416074218269904;0.0919074469726148;0.419313275489425
1;0.369077775849669;0.878647343127773;0.409013444278826
1;-0.386502383372662;0.576412703669493;0.423398583372362
1;0.34273175892288;0.257127443998072;0.42696720253995
1;-0.0767192394995662;0.412914157121903;0.413939993008064
1;-0.044537409614402;0.548342473808381;0.398006781768191
1;0.210216388494733;-0.337482227675086;0.420656930858667
1;-0.175963665837272;0.700923601616109;0.410072034064926
1;-0.0950871336931958;0.745782437412981;0.407115819658437
1;-0.153211863300903;0.6345016647669;0.408273852178805
1;-0.211902524549223;0.761588231086056;0.399615621079092
1;0.362814368452534;1.07506579693058;0.396247030074075
1;-0.260109703677909;0.73185366494232;0.41769647477039
1;0.00616478252416617;0.523016469997482;0.412596224438924
1;0.21555008272201;0.55273064117012;0.41860360375849
1;0.17707170250645;0.409482481968787;0.40364065018857
1;-0.159142024513475;0.14487005567277;0.420918274681443
1;0.227187998804184;0.278441005997456;0.424707392478586
1;-0.145683112237435;0.530335462937839;0.422047479087607
1;0.0202744370632785;-0.0470272649670653;0.430406580307467
1;-0.0109113726086986;0.92976986684625;0.42304684436462
1;0.0688465353453803;0.574551729974502;0.409091751850668
1;0.258691689932062;0.575149845909341;0.410284484598861
1;-0.111003338668747;0.514194868792609;0.415605169733339
1;-0.335597350016866;0.0251723672324763;0.417374558384827
1;-0.0408449093687125;0.367352032703374;0.414027591108273
1;-0.0622996759022849;0.838107946997866;0.412717074571595
1;0.165617685330743;0.324827617372118;0.41685696306317
1;0.160992689468729;0.797382830757716;0.409556259770899
1;-0.212981990446399;0.783739350874892;0.433433603351157
1;-0.181181342803109;0.732747194092102;0.413904587348494
1;-0.0345038893692029;0.841790195128441;0.421587311400808
1;-0.0864268274330647;0.550979580017119;0.425960719137538
1;0.101970457572424;0.00799926597613143;0.418708096536343
1;-0.135595898492702;0.570033117159629;0.428717126752381
1;-0.558495069524333;-0.0106570282980663;0.436397425509118
1;0.329405033685614;0.521578236101684;0.404078205121016
1;0.105470981951596;0.702968043836813;0.409103976546411
1;-0.185629747200599;0.453947051578892;0.428663972956491
1;0.061637097098272;0.406039141289336;0.428129426074578
1;-0.133691471839423;0.383141091939742;0.399994094942612
1;-0.343885983495325;0.942663455156226;0.404982178235215
1;-0.102695960457112;0.359226879684037;0.419750780427352
1;0.268027336125185;1.44890053783724;0.397029005804184
1;0.236048364393429;0.883378588905104;0.406854866281503
1;-0.165148726715033;0.450579208191318;0.403925238540887
1;0.115806304461072;0.849586880947036;0.404602052865348
1;-0.208374301839221;0.269439536545424;0.394172226660327
1;-0.414027207985922;0.482954854284592;0.410468638343051
1;-0.0607367545863527;0.439405124621416;0.451817328967404
1;-0.183707328415182;0.0730717725989722;0.415813798971252
1;0.0720125170002858;0.53249551345101;0.416757037955867
1;-0.629966300397621;-0.0174706581445793;0.422033758075824
1;0.13981017934629;0.33146535639385;0.403843195671665
1;-0.0926937794250592;0.466466551569516;0.422741756695008
1;-0.0615876576871381;0.501246866874123;0.411483970424148
1;-0.267133394462164;0.824487558411604;0.399641601428367
1;0.0472149084334023;0.636547476946486;0.419059432941095
1;-0.175025261464516;0.352729313565974;0.41219570265092
1;-0.0137179696205817;0.23335254203432;0.403839357091825
1;0.00118101804410491;0.611739295544721;0.422365745843078
1;0.128436073399247;0.826825486253926;0.404375071201633
1;-0.0580207007567756;0.844135208986869;0.414444608999226
1;-0.125950845169138;0.72188094910246;0.406402189117859
1;0.232786757465894;-0.172535981164105;0.433977970758115
1;0.216670721052993;0.294879266780622;0.404934697954548
1;-0.40376916712479;0.232177117124543;0.420770141609388
1;-0.103713687823849;0.436498284533272;0.417572379397222
1;0.0739698572253201;0.633784502809865;0.427098124613676
1;-0.12535347930376;0.899689577293719;0.422859581632606
1;0.0420990911980403;0.515879911360449;0.412402536001819
1;-0.371126273951077;0.558774544022733;0.435745962633357
1;-0.233791184029012;0.236640743591178;0.412285390922467
1;-0.329580816307418;0.851417610547905;0.398996729068229
1;-0.210880661330655;0.360076741572145;0.422306969968167
1;-0.0450592659976577;0.802826233377391;0.415767737995831
1;-0.368379298463815;0.973285330232193;0.417650253454126
1;0.0742137775618972;0.271601920143998;0.425242219057525
1;0.12090158136957;1.3460692492413;0.416520472151445
1;0.017116614773608;0.562405231686024;0.411020221769896
1;0.0722080365136997;0.743013057641568;0.41454554975506
1;0.328695343908293;0.200062719884068;0.420711399397403
1;-0.0738931718044496;0.823594634016676;0.376748834786733
1;-0.0161446089549532;0.630943215452336;0.389917121982328
1;0.19407054762102;0.373444440220077;0.408089142660444
1;-0.269902655083422;0.40450668209346;0.389303504040251
1;0.148037301953529;0.327777068893862;0.396278912598985
1;0.0816906660476441;0.991728923891756;0.414772434125596
1;-0.573964026817305;0.557460297239951;0.413177182241813
1;-0.100732179680326;0.706596957125051;0.403514385527838
1;0.281475862196286;0.371395267295612;0.420305143742748
1;0.265773184358507;0.566405944251874;0.416100858812783
1;-0.289098337036402;0.536912250241773;0.404741305670452
1;-0.238667751420027;0.619727000569167;0.419990519994348
1;-0.160589220718168;0.278842329182478;0.43731331450898
1;-0.0324228772735607;0.309099352952054;0.413794644226492
1;0.0739572926739672;-0.0983991803070076;0.423810638824281
1;0.206224879504607;0.215085565921954;0.398538473286944
1;-0.287207812503812;0.639402307232267;0.406619096200423
1;0.396393485190644;0.454141134807441;0.402816393039451
1;-0.0332115232112491;0.491370364238306;0.422142478037738
1;-0.029724932781825;0.56327356935516;0.414697848697541
1;0.029856673755958;0.395755972669498;0.407896712841493
1;0.048373523093286;0.338178313213651;0.412298898124764
1;0.367368110157439;0.638971679626097;0.410999885851746
1;-0.540099456948685;0.119218457604195;0.420589050635974
1;0.577422786380395;0.723493831325244;0.415813511416815
1;0.246146642994182;0.803205558057554;0.404354290186835
1;0.377693413393846;0.376203462597705;0.422702120267176
1;-0.0111269384403923;0.867424364246212;0.396961159534731
1;-0.288370253729943;0.683087150978056;0.417888538931709
1;0.573535784405713;0.53051811414341;0.407846909338881
1;0.134667849645153;0.109716007517345;0.417184923979185
1;-0.036589365375859;0.238976116183866;0.400890389306282
1;-0.244804654477948;0.645597944278472;0.414942927625948
1;-0.457793207901567;0.706211648637764;0.405686301787821
1;0.467508999549344;0.700675344386934;0.430319064358811
1;-0.37575509792722;0.23224450664151;0.414312966857192
1;0.579579635583425;0.368088039574515;0.418318523215142
1;-0.314070552895623;0.475159421742681;0.404513249148328
1;-0.234625878253384;0.848055981960961;0.433708321556715
1;-0.131695009640997;0.850396481352485;0.402941354835955
1;-0.433319513207752;0.0541524612114229;0.408973107521254
1;-0.269682095078432;0.538002918491118;0.409526046293336
1;-0.0924348928945233;0.86823622534191;0.423176472614655
1;0.35465603542552;0.236666230773847;0.409415723714909
1;-0.24012884571469;0.254542452634248;0.44025757098982
1;0.111143149235445;0.0159846549086919;0.421612781369929
1;0.230057856682052;0.168858301300281;0.412756714881442
1;0.0621039940873422;0.198903044012055;0.413016027542404
1;-0.0645294442533803;0.944935199267656;0.41123805552879
1;0.575153287768189;0.266781187522717;0.418187724512002
1;0.0156338069097368;0.662130480312475;0.40695916577162
1;0.0577784911000954;0.0575145300999373;0.425100783767005
1;0.379402125225452;0.503276751195926;0.415952090232078
1;-0.124685723450081;1.10669451048143;0.411492745709568
1;0.00106321225724113;0.608394755488452;0.418647782347035
1;0.0898790761153388;0.228609752100897;0.398309342504106
1;0.520741472608324;1.18196281116121;0.402752831368148
1;-0.352008520478569;0.534010104578319;0.393739178730069
1;0.304462623580027;0.843180338729963;0.401516465760317
1;0.180447784710121;0.572728362420189;0.393857267371398
1;-0.0504116294615371;0.103173652699749;0.41405936920073
1;0.0238420766910326;0.608969994939168;0.408905539980652
1;-0.508156819894299;1.06465356514278;0.421378728651268
1;-0.443942896257804;0.232088908785098;0.421870238565355
1;0.0165064712143866;0.0960958634244316;0.421839004027097
1;-0.306025997957415;0.419257249938252;0.422267039654539
1;0.394613641803737;0.637508620972887;0.423771883022456
1;-0.0511420014370886;0.700800605640517;0.430225401324189
1;0.103331357278514;-0.0686252065354257;0.417258128004011
1;-0.0888860937518516;0.483195393918538;0.415699865039738
1;0.394547486312752;0.867073544059096;0.419747521910314
1;-0.273222652708002;0.590863099396334;0.424080686861065
1;-0.19154042295184;0.805676502285975;0.422772837864299
1;-0.610202480330085;0.683218017026823;0.413232471342611
1;-0.166968744656587;1.08273597993822;0.410264375465728
1;-0.219448106482745;0.723955814864889;0.412529368821765
1;-0.0623718558859415;0.146664870668787;0.395861533464926
1;-0.22863595141309;0.547368143699099;0.422696310316651
1;0.0202189496398667;0.801046320542804;0.431814002788362
1;-0.0207211199340048;0.415006834733672;0.4216090445082
1;-0.101607197253885;0.468375016724242;0.418337297642529
1;0.174751786204889;0.595505965162021;0.419680225294198
1;0.118111675674225;0.854511184507921;0.408050513146646
1;0.24548875884914;0.500727534520209;0.414238109992942
1;-0.361372366763408;0.839785832475668;0.428067349705746
1;0.00412610361739002;0.503762149036246;0.422005527209439
1;-0.0477904572274594;1.14078975865285;0.424503843195958
1;0.151537638956319;0.672586741082265;0.430650594809605
1;0.277647965020375;0.335774113289893;0.422572282469363
1;-0.00727744750517961;0.357195141674014;0.417834171320192
1;-0.0730845519484681;0.596122061782813;0.408567783960348
1;0.369672982113439;0.794564038961256;0.422700101362087
1;0.182942267593692;0.604237179500259;0.404265078199089
1;-0.299747443654511;0.338443940196884;0.414431283650842
1;0.378942894941591;0.820059219002513;0.410127100655268
1;-0.0920529487383373;0.651461578980978;0.420442131074401
1;-0.152883228304741;0.3751960938194;0.417307359535559
1;-0.248518096651893;0.119487495167115;0.412256236882977
1;0.0559612573470525;0.546697146713055;0.415217543069334
1;0.311151549149914;0.470933437572684;0.414640880456482
1;-0.536666262787842;1.02050235112282;0.39374228404775
1;0.131645116319107;1.04264657509123;0.413331044269365
1;-0.0331482094589688;0.602643092383538;0.425348679621869
1;-0.0908267991575044;0.427522170878521;0.422800141684313
1;-0.222601884954705;0.265605430531026;0.395640163397558
1;-0.136041182745565;0.696758137852579;0.402924389831219
1;-0.115134331923274;0.632662510782046;0.420842385600681
1;-0.0495261202681452;0.517207109964625;0.413919605882282
1;-0.0134968283741372;0.713805783514108;0.393823089464922
1;0.0167840810222559;0.326705524068681;0.401296593785511
1;0.342655287484151;0.396553807751549;0.416641284203861
1;-0.428153885974175;0.334918826073945;0.419576335958224
1;-0.385192960183896;0.515409207469129;0.403684681435667
1;0.357139213540392;-0.0200147554321385;0.420818056586276
1;-0.299074624300064;0.888278705263799;0.4201373231322
1;0.220075846416602;0.333131245827464;0.42045064747659
1;-0.42052060982588;0.258696311850561;0.408321775568009
1;0.424721123960377;0.529066761650274;0.412605022868975
1;-0.0387404023094577;0.356471708186351;0.417465823223072
1;-0.318500242099607;0.113574696302452;0.403628455206244
1;-0.145486369683674;0.831416912584983;0.426929330835053
1;-0.10766517001245;0.0430543182758673;0.418586452604968
1;0.0761117485573158;0.674750322832198;0.404234096183866
1;0.0838154249129415;0.645374920993014;0.417066960949628
1;-0.571064554908686;0.559689971242998;0.405794814363666
1;-0.219738395386252;0.624222860537233;0.419290194766698
1;0.24526480194083;0.357390583818211;0.42961302265116
1;0.18567889978038;0.627585271831388;0.412994648752832
1;0.0251418963645109;0.323546585748705;0.410957767670867
1;0.0422550520361103;0.664935078557634;0.4379007219505
1;0.0858266380772399;1.06988134350299;0.414280576928571
1;0.257979080061424;0.2840519003537;0.418324869574205
1;0.403951908361713;0.890960820135556;0.421605169311793
1;-0.514858848664909;0.664176287842965;0.400802431425735
1;0.17786530724801;0.491062748322511;0.422184409703556
1;-0.0493774599185185;0.332946976942664;0.403604348007751
1;-0.389995680300869;0.109082504514574;0.422456179526697
1;0.0980084620013116;0.489113480413486;0.403599394259299
1;-0.0261080046702519;0.627651005965853;0.429658498250341
1;-0.075996488375322;0.438198761373792;0.430245176220431
1;-0.0928660583810156;0.330312254098201;0.406644505497498
1;0.32220223735968;1.16819312911169;0.417844874438956
1;0.0420810399717878;0.52720225913391;0.41613091474325
1;0.198378502210801;0.697897176912275;0.420500019228554
1;-0.359163453022041;0.397437675487395;0.413264182142715
1;-0.702300690118581;0.315941457320369;0.434738985734434
1;0.0613877987982062;0.212313424528113;0.408985580199178
1;-0.106887993325925;0.255228536476337;0.411165616251322
1;0.0819681072694035;0.55416521026537;0.40427157481642
1;0.0610875454308262;0.59477257752066;0.409542299596053
1;0.235060909593992;0.927727026746441;0.411796321450538
1;-0.0342313055887569;0.521325610407251;0.409684830730846
1;-0.463560859798908;0.195641476773735;0.402349143713472
1;0.410934612886217;0.733027967267026;0.39212616984041
1;-0.0357558764483058;0.303647521296064;0.423031820544458
1;-0.131047914448338;0.192108914848731;0.445935799729084
1;0.197329538617999;0.105530664676816;0.42803712861202
1;0.240360243397259;0.711941265751438;0.416842609179861
1;0.323377228453373;0.593547446580998;0.410290064327599
1;-0.339011484759797;0.771304569863987;0.41527894175509
1;-0.212997681802444;0.67711812676536;0.419527152158046
1;-0.275727932685411;0.646396826037356;0.421248212412875
1;0.210728694538671;0.483692593963531;0.398458418366939
1;-0.101218608916908;0.599889704668469;0.416842481795196
1;0.0861575851472477;0.407170090087874;0.408140601178294
1;0.0289731819641511;0.197063981935387;0.407363990312443
1;0.00566920206696514;0.733277693704328;0.40251566121464
1;0.452596912269167;0.0940447878773985;0.397257299505653
1;0.0462351246928981;0.505003161484577;0.40383436802005
1;-0.106975187327992;0.311563613427183;0.405124640356128
1;0.253707520200972;0.358138214308951;0.403245216183468
1;-0.208043886057243;1.04357236763444;0.403515924145113
1;-0.368196279988176;0.12443901583833;0.41117849859045
1;0.1134333471715;0.823591261853331;0.426322285002927
1;0.165781774380813;0.594403470735537;0.425255063902085
1;-0.178847367781129;0.647080114072251;0.420491687211401
1;0.505191093248991;1.1665118881641;0.424219958996251
1;0.480622972525424;-0.657875898570445;0.439265971970942
1;-0.134478410616118;0.602721350427492;0.40841769681162
1;-0.280265263488343;0.410805512881846;0.420077677207803
1;-0.187990536265393;0.624425084419388;0.414065502022078
1;-0.101398037465326;0.139936796849909;0.414183922146687
1;-0.0435839898619821;0.230097013062138;0.40674079483301
1;0.249324478978387;0.54188623277449;0.409333226845572
1;0.126903067352585;0.202237060258881;0.412451139119513
1;-0.242382201281831;0.387170565405296;0.406716864857328
1;0.0534003258042835;0.453501645299799;0.403716563256951
1;-0.15595285319346;0.353654703695743;0.413512007822859
1;0.0825701789803298;0.237216210938253;0.401121560138715
1;-0.325221660266084;0.81536616424619;0.408155213935287
1;-0.112284952813097;0.311130522929786;0.411104847433281
1;0.00587237449027045;0.330782469884923;0.425043011813268
1;0.0821522026307115;-0.196122400896189;0.417355633123725
1;-0.164629617392317;1.20600208661293;0.419037427997486
1;-0.173475296891243;0.282194572330178;0.419850147804856
1;-0.255028701135443;0.215529453543209;0.41628075469951
1;-0.275147103289616;0.48072480299734;0.411089910686719
1;-0.404530415967595;1.00435958559642;0.40765208643734
1;0.53669993949903;0.0243965263531276;0.434153590679296
1;-0.179458971903627;0.73267770625886;0.419155471474474
1;0.224567300854322;0.964281685032773;0.40687004332136
1;-0.287517991796345;0.752221470679832;0.421008648971958
1;-0.260174842644431;0.174319629110318;0.412535155630034
1;-0.0157290334073463;0.953884901668883;0.402880922696291
1;0.34443278728627;0.126644458142152;0.414776331613646
1;0.155798010478882;0.750555971281323;0.430507268516903
1;-0.173829626580063;0.380428605059794;0.416978212678867
1;0.0868400150660456;0.411589306048486;0.427976634110596
1;-0.415233715893283;0.673317566254271;0.416143270234889
1;0.306352518183745;0.236653581280796;0.423206143829813
1;0.262278181151282;0.600635474094584;0.407889856372152
1;0.0176062961031361;0.244598261833102;0.421229142754735
1;0.0852929977994326;0.716717836505155;0.404898657378369
1;-0.114236704935915;0.960752310904072;0.42177626892118
1;0.0906032496864652;0.586281500912384;0.405824026835003
1;0.107722448735958;0.361623459484758;0.410845911779276
1;-0.820482935423511;0.474436943557102;0.417013885760674
1;0.0198978706030527;0.0653073958942407;0.430173769207975
1;0.0708472822999264;0.74965265311225;0.406189439417287
1;-0.284500146885911;0.385033948745424;0.428466568859227
1;0.139583701404374;0.54588636592629;0.42029672300406
1;0.363695926944699;0.53380145570306;0.411239469324823
1;0.229992565857444;-0.433440301520663;0.409830530921254
1;-0.614653713075573;0.681402894161098;0.413315644439809
1;0.339372903055633;1.00314723426474;0.407571687842246
1;-0.183281990806222;0.568490374701304;0.401038133985324
1;0.0962039833971007;0.0124954667699727;0.417502684493093
1;0.231932579271306;0.714726419160462;0.423721897486155
1;-0.309847371328067;0.227372922478581;0.431977211421679
1;0.434138558089041;1.05835554932605;0.393434859453539
1;0.117332020117364;0.787568011449449;0.438036265347248
1;0.0677361161892869;0.833285486622617;0.400911258664686
1;-0.167365944141079;0.391372161352341;0.414038369354446
1;0.136609821261787;0.0791877641408977;0.40785008765031
1;0.0738443744484616;0.6332871337208;0.398215666499953
1;-0.28470307240656;0.618243080547709;0.417526415312047
1;0.322556550864517;0.835156094116324;0.410554417151545
1;-0.557460937551082;0.774039609492033;0.405732358242298
1;0.321075619650194;0.776869422183842;0.430301857807333
1;-0.353297003627351;-0.00364003005732094;0.418844401880612
1;-0.174605226657942;0.934281242949581;0.403923710963447
1;0.205812524346382;0.527488083910121;0.428025828331084
1;-0.28687230656955;0.952369906042168;0.401384569838089
1;0.00746748879697871;0.87173372528181;0.400115841461046
1;-0.0129678187061189;0.526594780634265;0.412046215798248
1;-0.0726751907892848;0.699335500590264;0.405282361098645
1;-0.0155472250108255;0.479397641653356;0.418249631877132
1;-0.267932108050827;0.313092842838326;0.429844041043193
1;-0.292097754158681;0.113910444112775;0.417458460923086
1;-0.0491359961468954;0.327793891694876;0.405880223441838
1;-0.308141502373688;0.650226742636414;0.418485863854931
1;0.418956454940823;0.664305916032715;0.408305637560753
1;0.037454642585394;0.4497915396369;0.425718408867578
1;0.2762617456654;0.514423869783954;0.402917095804693
1;-0.0415648912206639;1.51870697957896;0.387605278244472
1;-0.405816808340124;0.686986197889495;0.412083777307184
1;0.136021700633466;0.426562668884784;0.413502491655576
1;0.108005825475874;0.418743510113939;0.398800587675639
1;-0.43448947632591;0.592414190347883;0.4166126703924
1;0.332454347479697;0.170529481020276;0.422910932585621
1;-0.206440632424285;0.817161498885957;0.402763780741764
1;-0.186955412805687;0.296955900053583;0.416730599605014
1;-0.533384488183473;0.715666874905545;0.423287916896904
1;0.0906597802729694;0.113278273046012;0.410551432303221
1;-0.0593730752823764;0.756995840761089;0.408343132290282
1;-0.228148111456406;0.636988951567527;0.424059793078156
1;-0.13659317223814;-0.215316437596006;0.422040072182998
1;0.044619579909978;0.276190697608905;0.419286504393495
1;-0.247984519121927;0.428127871370797;0.405297956241358
1;-0.215357455674202;0.684510006823864;0.414921651436671
1;0.113917227958587;0.823393844732744;0.414060997274336
1;-0.514788920208024;0.35716395934764;0.41234624274344
1;0.0409957252187566;0.0570977684828912;0.396299051898931
1;0.197099071050849;0.344679988203536;0.417593609792492
1;-0.273444361019681;0.599922559141873;0.402824759413056
1;-0.134517724931338;0.408096504645275;0.411872600127597
1;-0.056082357954022;0.737897468280093;0.408006815064333
1;0.366833553601897;0.258258980645491;0.429597297244606
1;-0.401514196703754;0.318211095349255;0.404354673125687
1;-0.137104925763935;0.897075309515272;0.42895964264594
1;-0.281297306200876;0.388727853144883;0.42887702581046
1;0.094357490531694;0.464734388707814;0.403730777695491
1;-0.0896183828343732;0.382464321463618;0.413972541757879
1;0.00637311594975356;0.482557733230072;0.394460850249536
1;-0.209144770401488;0.834929925143159;0.407695146447291
1;0.086082477495588;0.308055651911332;0.418471964277276
1;0.315692165991888;0.776046402098373;0.399470656252827
1;0.0820621974283872;0.954461592450431;0.404205899270408
1;-0.00961637548385201;0.697412668423542;0.419215760302304
1;0.138213582654274;0.750123431693249;0.417593365379485
1;0.22204932038645;0.794741964081712;0.413532848688118
1;0.0731774300817616;0.467518744507243;0.429920848329581
1;0.0792089112093708;0.142627128629828;0.406395062399029
1;-0.506063254087692;0.502802137176699;0.401408539078212
1;-0.228825119314142;0.30679228544106;0.444314456328732
1;-0.0857603023105185;0.238458406627003;0.426263219776595
1;-0.154576134364725;0.357851851711743;0.39977083775242
1;0.492293327731314;0.498930299271631;0.428834337755127
1;0.32058666591258;0.462763523925162;0.420670269697109
1;0.304500089258307;0.53473189765736;0.395609029943687
1;-0.319256289525531;0.536779761246178;0.405626077459881
1;0.520775666599463;1.00078118671252;0.391861308656185
1;-0.164539670585017;0.514416260144846;0.429959172041083
1;-0.0859557708593479;0.00291928330016944;0.41697403084058
1;0.186057957669845;0.685444596610261;0.413106546761473
1;-0.330582943083424;0.598601527887994;0.410679652821956
1;0.0978450084703362;0.621349796526518;0.434039941527196
1;-0.0237215381880456;-0.126208900049664;0.41537690650677
1;0.283163812053381;0.206721861745274;0.406269777678837
1;0.116560342337122;0.595235730216162;0.410598848122463
1;0.176319137782654;0.392913834800788;0.390932329648835
1;-0.336612807921286;0.305279011345027;0.408009878345602
1;0.401543857090322;0.749243911586039;0.428848582287252
1;0.744508887072808;-0.153823057373501;0.415231604592528
1;0.222320199736142;0.510448256477239;0.41584736288459
1;-0.0910305700953294;0.194692446649649;0.395597901394606
1;0.0136547766491156;0.893749610319561;0.419403689503834
1;-0.147343792672717;0.082559362401824;0.41947155533166
1;0.0125564339779193;0.926424491483943;0.399048976329775
1;0.65439571068732;0.718358193679965;0.415033879475649
1;0.156787054909001;0.27922341156449;0.435821467489131
1;-0.206806864562806;0.281295502515097;0.40997933877474
1;0.126015064534589;0.320656418522803;0.400897668036589
1;-0.0986473780957506;0.14873426136653;0.410589519430751
1;0.0894845147373799;0.130291816462905;0.423432368471251
1;-0.0288440967794857;0.501593669494081;0.407173541911462
1;0.170133537028838;0.977346146397604;0.406503690696768
1;0.0944629745694536;0.361719378708872;0.41355345905715
1;0.0965654073106111;0.142423866109544;0.422833369280608
1;0.13738826455127;0.653409336485775;0.402982883514674
1;0.153330033843758;1.20517849672825;0.424878055401338
1;-0.198928450027809;0.85468679570112;0.408594195854566
1;-0.372703495521137;0.287413677189116;0.419329522362372
1;-0.192475653240095;0.644640717164206;0.405474108874713
1;0.406361872810894;0.792204407951459;0.413062008147717
1;0.225916712299501;0.140488993866611;0.43107470840228
1;-0.234559926752448;0.773329664643238;0.392467983022892
1;-0.215832187056526;0.241400578125823;0.419987670849872
1;-0.00301358625923482;0.386478559264875;0.431215286324755
1;-0.254517372714034;0.613135214193042;0.421012457257652
1;-0.326217861905407;1.17500648789559;0.402557515869498
1;-0.226960618757924;0.775016310836892;0.401964762317446
1;0.0113116386928619;0.139868124808023;0.417027508235169
1;0.397940409791814;0.498954118951622;0.419371883126406
1;0.0366233069064246;0.177818852066072;0.431292572928892
1;-0.115823151384045;0.875078498953894;0.417827027449778
1;0.0591654889623467;0.41662480726934;0.414348689918176
1;0.166052599764146;0.27759872384851;0.426047473427885
1;0.157498775395637;0.464121262387698;0.405430840094447
1;-0.0549603813307343;0.874342999185278;0.408840895839744
1;0.000364101178864639;0.622714842690537;0.398791730883339
1;-0.112627076831496;0.661330517392179;0.410448212154788
1;-0.104524270171785;1.16886354430802;0.428551467532437
1;0.0845733932444048;0.0641496031525065;0.411122067225152
1;-0.0982957039714554;0.596551068468592;0.436347840822142
1;-0.0886154865681223;0.254936274103477;0.425719850820358
1;-0.301668074070051;0.595363227546258;0.422546045882181
1;-0.10305511331529;0.460422024664476;0.430079988004106
1;0.0966570873341389;0.613044444683928;0.437811575025103
1;-0.154954710955103;0.686587651787876;0.400851629071155
1;0.27030224821196;0.110501146438991;0.413225458735581
1;-0.419727240343737;0.185766088067246;0.419447738953075
1;-0.360172633199408;0.976860359495545;0.425491301929261
1;-0.35574555384063;-0.0822651527608586;0.402208693944376
1;-0.284595118013346;0.402831423635301;0.428615325541058
1;-0.390004366330248;0.68061682960162;0.404746161463591
1;-0.117064826128199;0.371062925049975;0.419424799405573
1;0.116839196241972;0.685993790664765;0.423105525545148
1;-0.036729408926388;0.58430217139365;0.408386820956129
1;0.406145535670678;0.228524850702409;0.436976385538611
1;0.106011352362055;0.320771720802771;0.422819728486334
1;-0.140222216209223;0.0815855210392951;0.42634767667005
1;-0.057457943769111;0.29082031193273;0.396962676770743
1;0.248749367751953;0.268839154081435;0.43335566852228
1;-0.16741526952322;0.887005620918386;0.400262839526449
1;0.0178012112164912;0.381497673523602;0.414735058427718
1;-0.295953375973113;0.436390666230578;0.421228435360671
1;-0.244158326824737;0.284667956630973;0.416048868988943
1;0.467480916434972;0.285051951139344;0.397269336272508
1;-0.143974580031358;0.682870656132351;0.399604605498539
1;-0.254773730479357;0.456135505004855;0.423523146726667
1;-0.162414974913756;0.751705435915937;0.412045662798382
1;0.383483267675797;0.163680121681574;0.42226597889823
1;-0.0269467789900022;0.451084265713842;0.409510287473619
1;0.0423838327642571;0.108086773439045;0.414033899432406
1;0.252064683018973;0.497865442621847;0.394680460961229
1;0.294290752110022;0.849906987589052;0.405285058039153
1;0.209419164769774;0.256721127034798;0.416189591622985
1;0.167321063786461;0.220961080234796;0.39898519058868
1;-0.0609149434655639;0.45683476426817;0.432506121190811
1;0.282333978699529;1.07213966377413;0.409950334672894
1;-0.0103975942923085;0.572528764393581;0.410529338261066
1;0.228515080866893;0.8092084725636;0.410957761512335
1;0.108247771146793;0.134542559328877;0.424582805058388
1;-0.234153452208791;0.32700451634495;0.415688085105635
1;-0.145686621490724;0.815720846461506;0.41592229251091
1;-0.0226634212687096;0.281596477711489;0.434698610914474
1;0.489359023672942;0.341034439498;0.409777194519008
1;0.210846851784519;0.291183782602815;0.415964124337164
1;0.0289342306409571;0.955190205971599;0.41254411058095
1;0.0129697461505023;1.00305003789447;0.414435366587666
1;-0.139963898861368;0.955584935227212;0.420895992139875
1;0.00980290657939549;0.488828744395203;0.415726256694861
1;0.143448862867379;0.202608526426311;0.41805851108826
1;-0.430667952057974;0.16244871369085;0.424616793651835
1;0.381281225441494;0.720349111044855;0.397609732838018
1;-0.00879974027561098;0.573583895113904;0.420326135862758
1;-0.0468291691417452;0.350598165708906;0.404451886534203
1;0.150557440599471;0.370178802720942;0.406650114472366
1;0.100315258434764;0.242869744573331;0.419359482790215
1;0.577252136567116;0.655589051392064;0.408079966404028
1;-0.167228844758219;1.1982612004619;0.425217341292266
1;-0.368880538308843;0.463388980073397;0.416410119868426
1;0.203295086095002;0.771849376026807;0.394942920569104
1;-0.202139189321045;0.435030555098269;0.419914551593973
1;0.281704532346648;-0.0792316647663673;0.440621652921783
1;0.205390920185558;0.755434343627648;0.406694950518223
1;-0.216300867946775;0.471549443049575;0.422580851109912
1;0.0198288373743303;0.40888170560414;0.39491241651796
1;0.126506314152992;0.922340760235418;0.413533373544656
1;-0.718250190786513;0.355153195023237;0.423559492478095
1;0.0320561578698177;0.728632944987762;0.41926828852785
1;-0.0577126772764721;0.834779342017578;0.417169745329088
1;-0.0193046475783223;0.516746331801005;0.418856811023012
1;-0.126474273191282;-0.183767245809376;0.421915994285535
1;0.419218275978819;0.49817363188899;0.425383649198928
1;0.401415627171647;0.785924954805461;0.414771084966799
1;0.228182083291736;0.207931869665391;0.412197185927991
1;0.208522212525817;0.335581538958967;0.416525224301553
1;0.195606751864375;0.642073998884392;0.417633245925458
1;-0.319276781403603;0.458528737762286;0.417975750756583
1;0.277085104392171;0.713980822758088;0.406817113811159
1;-0.16578851044208;0.316367198439304;0.422511757806379
1;0.127245323757317;0.0837995968381728;0.4146873682743
1;0.173366775616669;0.360220041246297;0.42383870760243
1;-0.0174361095050347;0.497194858294754;0.412695587820167
1;0.315893896820059;0.0109849531472358;0.421886447466569
1;-0.0594256263132977;0.698205963988081;0.424677190020757
1;-0.221114147706795;1.02387002413535;0.416253254803799
1;0.294369069661029;0.430563009432671;0.406960235620695
1;0.225456381463665;0.651919191671919;0.418910059393796
1;0.115478421163161;0.354993219926046;0.417832888189743
1;-0.0407995987344404;0.275590766286651;0.404618772229341
1;0.281882739943038;-0.0736580636298781;0.411630701002738
1;-0.216688990605621;0.159212036109605;0.422201724252156
1;-0.224319026153413;0.296634413940351;0.437418270952462
1;-0.0658611526784913;0.877389674541732;0.407662046162632
1;0.225302421243602;-0.261540409395018;0.415408938440437
1;-0.557188132534195;2.00201279771939e-05;0.394543597492419
1;-0.443743692146239;0.560542620750864;0.402180382251953
1;-0.0824122854128985;0.139919756387962;0.398588371667822
1;-0.420257252549347;0.956522940148103;0.41070645181054
1;0.0972991489585048;0.805851281354363;0.409142082592839
1;-0.287363199556383;0.703820780960856;0.398036928954583
1;-0.243027435332497;0.249909015812559;0.411372444407844
1;0.0814695285738122;0.457770493720277;0.427678986840093
1;-0.246433185563024;0.347614904765594;0.42378948928247
1;0.525603617990062;0.490048811134015;0.425979302174013
1;-0.221496918835368;0.500129174850568;0.421332969403734
1;0.163394599548074;0.724211334334436;0.412152720975179
1;-0.168107861076525;0.612551738605274;0.414679622921376
1;0.343163508721983;0.597027092169841;0.398097574705591
1;-0.232837404543691;0.535959329272124;0.419873335114083
1;-0.226858819315034;0.204965497685147;0.408062145183049
1;0.149869971325181;0.132005835306378;0.409819217668292
1;0.443422925980529;1.09377605377468;0.418558043281548
1;0.182732849398676;0.0384553990572454;0.413162220347815
1;-0.118297086253196;0.168237733014528;0.413358241423869
1;0.275302760660732;0.208235665043982;0.41365394738583
1;-0.557379714694291;0.685146448696839;0.402296260038247
1;0.182952743071347;0.463367550299272;0.412576522111729
1;0.129092570993314;0.503807778026394;0.412869062062632
1;0.0695899925568754;0.574964223854655;0.414740620423189
1;0.0845639472376436;0.578315113056924;0.40429281577862
1;-0.0777295461939025;0.397422664652008;0.414358285382122
1;-0.42870790833516;0.512863583606154;0.415407426974757
1;0.670913234889964;0.121340866389733;0.417933039815849
1;-0.135714888061482;0.544895396755416;0.411788354527299
1;-0.223554725072548;0.469142371376262;0.41495457023691
1;0.135554077199313;0.581150229419061;0.419602020608863
1;0.156153447384644;0.503693849318076;0.409203825870839
1;0.031490877135426;0.537547242522697;0.426255132452922
1;0.187016938614444;0.326643030273817;0.420476377742816
1;-0.0848221480528503;0.811088747595311;0.406279901308721
1;-0.0344704039582176;1.12455569135026;0.431833783887156
1;0.108992646184814;0.561025149889131;0.422011367427602
1;-0.437509953083818;0.615228834704319;0.393715427230775
1;0.145115677587342;-0.0972063319453356;0.399498498354661
1;-0.474626502347089;0.547903108819967;0.414210215414875
1;0.342442084738655;0.556689516648674;0.397691128533087
1;0.123186488835151;1.0338877706059;0.409204407328733
1;0.151615515205445;0.756134698201813;0.418502939959307
1;-0.482395610955137;0.567265209749669;0.408771097657966
1;0.166309401332942;0.214108742514527;0.40831391760907
1;0.256447886080095;0.258839668121364;0.425834350798763
1;0.231100935712136;-0.0621898471328201;0.420468089106326
1;0.25572116637048;0.466085954322099;0.408514717149137
1;0.105681139651161;1.03372979353865;0.416305669877746
1;0.198649752352108;1.16011727878416;0.401654245704565
1;-0.0637365010005734;0.556455320202857;0.42119373980928
1;0.0844755424983325;0.899271660893616;0.40625145869371
1;0.0500288659333644;0.286980318878151;0.422237936210134
1;-0.0466811659950826;0.247597148832865;0.412301802901941
1;-0.798037676502487;0.479584654104416;0.391254679114959
1;-0.0847921612224981;0.324822022108717;0.422073739335435
1;0.178212883247296;0.235145317767702;0.40581699950925
1;0.0019513618514782;-0.00287090397444489;0.426384011303637
1;-0.342009611897473;0.232075011926893;0.421835654546419
1;0.0389304145491446;0.698628531340098;0.411527443380662
1;-0.167007820700321;0.246618232978475;0.415984355557574
1;-0.114705811177722;0.287576341276869;0.418026400423173
1;-0.0751151309397803;-0.129473661681841;0.410308373309845
1;-0.229838671499933;0.342390796606486;0.404594195510042
1;0.122336203642986;0.55945169357339;0.420135053485751
1;0.0762208554252305;0.233478461983125;0.427736034541625
1;-0.157317734723023;0.771624285710761;0.403653830452912
1;0.195378160625457;0.32495045061337;0.439578622660238
1;-0.502772755467871;1.23470855543007;0.40144039328799
1;0.168435197371462;0.563087556554475;0.414254603081427
1;-0.232751486569673;0.685722368781861;0.425782540828546
1;-0.0095582650736697;-0.121437215474563;0.415580390080095
1;0.381478743716418;0.790584666413268;0.41088382807021
1;0.163504361752458;0.29845644839494;0.419398737709498
1;-0.147727297700254;0.795040833653428;0.404553775563548
1;0.505384624273758;0.722776640462543;0.400891709087479
1;-0.243949515566167;0.707018350768233;0.420114322781879
1;-0.151414369148717;0.675307582176881;0.421173691848139
1;0.364922222125719;-0.0380141238371003;0.414158470641163
1;0.0649246505255777;0.534296573086296;0.427512327764523
1;0.112409218694254;0.58512379787931;0.408092775635852
1;-0.134891167591687;0.145962043553504;0.408537853154855
1;-0.0750773949490202;-0.110035457111394;0.427335740217499
1;0.168651213217544;0.503327529688338;0.407723439757551
1;0.235873374998982;0.219812282816244;0.416518854714368
1;-0.162590054739039;0.512201085617915;0.415091876299108
1;-0.172005402649786;0.440815605259232;0.412451172502058
1;-0.030417184042069;-0.00890135144898718;0.404750531678008
1;0.075823803908035;0.893087594539912;0.414324222771813
1;-0.0902334875013333;-0.156526583293378;0.406440848218134
1;0.369739507670849;0.348330270751673;0.416060014301072
1;-0.226689428463186;1.04867224661891;0.408694351770003
1;-0.442134942882709;0.62225202668473;0.417234906748552
1;0.0717221356033944;1.02791285776361;0.420027714597173
1;-0.371304174788312;0.746435309738156;0.42261209928978
1;0.0443831312518124;0.25123889096598;0.411652727690044
1;0.0730469981644331;0.535985413452089;0.419173238606716
1;-0.385251209713012;0.416716177161684;0.410637545464183
1;0.0898663282601158;0.716922261869828;0.40966662383605
1;-0.224603044476625;0.544501092183303;0.407542219817305
1;-0.216835868604613;0.258742352620318;0.406804089443443
1;-0.267109697358901;0.551725948318214;0.426335720032788
1;-0.328519446873522;0.736615861773862;0.427319281401843
1;0.292590792439247;0.263878418472635;0.413676885615285
1;-0.0970476702059322;0.485096193911118;0.412419860688191
1;-0.337742786379673;-0.0472349513963864;0.420694473031539
1;0.121292156302511;0.760035735819636;0.405709903071163
1;-0.0213054959838537;0.770370279229321;0.426720901487747
1;0.429041693116825;0.407518629599457;0.418809097284367
1;-0.237213575884354;0.764150724740685;0.400525765344647
1;0.395950696268727;0.217273838299769;0.42732786455683
1;0.193374507812814;0.133410029656327;0.418263313724125
1;0.173209027688129;1.16630285947094;0.415461871345214
1;-0.796628309976779;0.993401808262107;0.388886929694242
1;-0.0164017562368926;0.558776594048362;0.420027110704158
1;-0.00102627552990221;0.96681593438519;0.403553595719493
1;0.390521173420407;0.0983284996040392;0.421048134820211
1;-0.0036457178083186;0.433132792182983;0.408275163792304
1;0.029202386246102;0.456939116713106;0.421093009259772
1;-0.0644227283322547;0.386794717463033;0.418632806835173
1;-0.0779790629914308;0.425288796288905;0.400062471812177
1;-0.0960105551548428;0.612970388042957;0.417455883696415
1;-0.507837539321126;0.112694503568122;0.43023269219744
1;0.113218901866199;0.872010922713104;0.39974406544739
1;0.103308629207228;0.315179264562208;0.409140274439771
1;0.0785999190257526;0.681655473233284;0.420188687092389
1;0.0963962129864731;0.50755884483436;0.41397728849508
1;0.35840130179493;0.761510293908906;0.409069442917497
1;-0.135685923685125;0.245899565143927;0.421137124659015
1;-0.12967397996437;1.24568103222881;0.395105738264578
1;-0.268460545969075;0.434161538108551;0.401169548198753
1;0.163141079351842;0.107090112027074;0.417592982504034
1;0.204503653303034;0.856884126443771;0.415867684707927
1;-0.158101833662119;-0.00943470029848714;0.427269673011247
1;-0.175817086069314;0.412078318123854;0.421023693114427
1;0.453503539691873;0.622907736896316;0.410883443986343
1;0.221793977773531;0.799529186494487;0.40878430916282
1;-0.209274244356008;0.432046616715121;0.407696371780958
1;-0.204252178133526;0.229026650027966;0.418450509209653
1;0.261610216604953;0.395346428295125;0.434916884581357
1;-0.154148494635768;0.968543468802399;0.410588842114234
1;0.195542630516594;0.652223138528247;0.404479956117585
1;-0.113993391049767;0.682469904532775;0.413952507232609
1;-0.344427209295183;1.27461655230581;0.415184914739505
1;0.240973414181186;0.320600362578825;0.410412971173078
1;-0.0581459100852833;0.433975460149141;0.384358573439984
1;0.464259735604094;0.262946875379618;0.422101954848154
1;-0.18987127507946;0.98558753633833;0.408367122926601
1;0.234054518387242;1.23097810679962;0.404898919441183
1;0.128105907818742;0.575814440223447;0.394251442261193
1;0.168850028055012;0.422214336218535;0.409326358678371
1;0.160118650317552;0.129591369636727;0.41579022170504
1;-0.0222561207837571;0.676439058296997;0.411866317125605
1;0.265098689618552;0.765193518501552;0.413540195320503
1;-0.0223121529606127;0.0681803585888501;0.406420330507836
1;-0.448299281189206;0.906514418850994;0.409777577475026
1;-0.22755119106819;0.3908830138517;0.417793533552631
1;-0.00141118560012763;0.694350043938507;0.425027865097754
1;0.199147323402836;0.778372841543691;0.407521828337949
1;-0.13952463394634;0.325390589718114;0.425800513166848
1;0.388961208189723;0.350297104217293;0.416449421017344
1;-0.135485896169549;0.603854811195856;0.40176140034466
1;-0.0460356417756891;0.568029604825898;0.39488616915378
1;-0.0262652706969926;0.208550750985785;0.420806068659399
1;-0.438901067900519;0.526830999145644;0.41248407288473
1;0.124160487438759;0.921546173557182;0.402240172323815
1;0.139282494802542;0.0647807430430652;0.417762861834323
1;-0.160083352887327;1.01473819061328;0.42475623505553
1;-0.139980712112928;0.313551138286424;0.408847461527429
1;0.0463505098973978;0.749387068637673;0.409679041167372
1;0.214485275846404;0.281031240668557;0.423513279815518
1;-0.152559647871646;0.803482677120255;0.416412325362938
1;0.0301904899684974;0.0895112644506542;0.42126055387149
1;-0.169843370205189;0.44718735395826;0.421396370069551
1;0.0676451674950248;0.00870135296888075;0.413337805295555
1;0.175347703498698;0.815526364512936;0.41170768921001
1;0.0319831614556715;0.362648366569687;0.416338266787136
1;-0.0284386804957533;0.504727214765213;0.404210517297793
1;0.0529191355461822;0.182752436197605;0.42473180057382
1;-0.0277971438244867;0.512241917078804;0.423515140637355
1;-0.205892756931914;0.205220285058218;0.409840328253155
1;-0.601874418359395;0.612213266231617;0.424995801066573
1;-0.21537549393898;0.194971427943872;0.417335633570833
1;0.00959729341899721;0.555183913783691;0.420848836215251
1;0.391596986583224;0.335826654267515;0.409920430564923
1;0.0280019158556031;0.916304796626648;0.412588781273411
1;0.00135532570815178;0.326293522808103;0.41269249463874
1;0.191178558551374;1.07429552873792;0.405660787841008
1;-0.544558548459252;-0.482760634046954;0.417844108994443
1;0.17124372977424;0.332368618035317;0.406936113532369
1;0.555731416543369;-0.236342410867643;0.428615235152739
1;0.0727026150140829;0.791313615599629;0.397959377924776
1;-0.144523477381757;0.474801255054541;0.404594690266139
1;-0.307256934641589;0.252145112533298;0.41560708324807
1;-0.283860157005262;0.704960944594803;0.403508436082626
1;-0.0577750798601341;0.832916481713277;0.407160493257666
1;-0.26369802037658;0.0413862198386348;0.407351314383501
1;-0.301156159091411;0.506710489963371;0.41467936561488
1;0.455480629706572;0.656760268066661;0.405950262260234
1;0.0476089767801945;0.850420228938489;0.417377227394046
1;0.359180703564643;0.374336571501352;0.415378975353675
1;0.413987080634707;0.358801023023657;0.394239846738449
1;0.0966904572434936;0.171171604504937;0.415731602898076
1;-0.0569475992558071;0.472756766580913;0.414798638921045
1;-0.152836274110503;0.445648584757484;0.427468109539798
1;-0.177757918388114;0.305027673694595;0.410983766876847
1;0.195246178467904;0.59945990160401;0.423187787640281
1;0.342791826440241;0.426573104348316;0.431683988951141
1;0.00499361455820787;1.20179150373663;0.415730004028691
1;-0.0754354731377037;0.301516100971984;0.42414891788103
1;0.639371353155137;0.244061074809188;0.418403155156933
1;0.108318520662738;0.536882789603895;0.390563640306668
1;0.254613988947842;0.759594136891163;0.409845523938299
1;-0.422286143869387;0.223674812494606;0.410011065330244
1;-0.464818583963254;0.391915113202037;0.422632280114285
1;0.294468602921892;0.269467247167158;0.406139698696843
1;-0.202402827594172;0.401046069942726;0.419031867015264
1;-0.332696131038101;0.877382836227813;0.414242762683129
1;0.274920790832429;0.283110133379778;0.40580360895336
1;0.148665266232987;0.411224692964882;0.409978653254267
1;0.192361009720263;0.579099394375855;0.410938339453228
1;0.0808599907192161;0.137491835889998;0.428656735872972
1;0.00569929185005997;0.37366137803539;0.406183781853648
1;0.41442025391029;0.543495158931765;0.412593907249703
1;0.171754640997644;0.711850124604274;0.393537715143238
1;0.228441750464582;0.598845380185595;0.416121621799229
1;0.0888933449520563;0.594635507740968;0.421064519227286
1;-0.1416317036706;0.136261124697206;0.432187156907057
1;-0.152100527119062;0.608243991135145;0.399413328925419
1;-0.210328547160655;0.461949436245196;0.40801857616049
1;-0.248798740302386;1.05931125437782;0.427591529511801
1;-0.326756521668029;0.684072122467449;0.399523072726953
1;0.0264842262852648;0.619103227873647;0.406731136858241
1;0.212591991848507;-0.0651431444912045;0.423962202138159
1;0.38014087910914;0.278981117742666;0.409000403668235
1;0.352657576057772;0.582935216654539;0.416550051577508
1;-0.197566293215324;0.529799489867308;0.436188261141008
1;-0.0866693860761225;0.812557315353615;0.420446605397316
1;0.0696159042052645;0.421385692673681;0.425707854281434
1;-0.104323259445168;0.307289451385605;0.418468481059133
1;-0.272989035435776;-0.107350803432133;0.415395162422041
1;0.25818879008377;0.623054450273306;0.396419247207757
1;-0.361422722769962;0.742220662131612;0.415564303157415
1;-0.00401842534011471;0.655064052568979;0.399457281537556
1;-0.131075607572027;-0.181294167954551;0.416611206604421
1;0.251477149788018;0.526293388797616;0.418419939518471
1;-0.250852681304762;0.883521245974139;0.395894166495584
1;0.0604700064528008;0.6861078587233;0.396729583538233
1;-0.252251583361061;-0.0595921372549715;0.41938529218522
1;0.016029275502302;0.812249244761067;0.415004456614871
1;0.296478603489308;0.422396539144109;0.414898371179913
1;-0.313775427911924;0.568531199584967;0.427461826296079
1;-0.0558483413983719;0.880992328755008;0.40676862601833
1;0.0437458059466415;0.692484224360863;0.403194547943354
1;0.249019861066332;0.543937261467753;0.412250659292137
1;0.0653557369332026;0.435077821342783;0.424053976608412
1;0.336767219177044;0.557169313903956;0.399008944394487
